<?xml version="1.0" encoding="UTF-8"?>
<content xmlns:j="http://www.jahia.org/jahia/1.0" xmlns:jcr="http://www.jcp.org/jcr/1.0">
    <modules jcr:primaryType="jnt:modules">
        <jahiademo j:dependencies="default"
                 j:installedModules="jahiademo"
                 j:modulePriority="0"
                 j:moduleType="templatesSet"
                 j:title="jahiademo"
                 jcr:primaryType="jnt:module">

            <portlets jcr:primaryType="jnt:portletFolder"/>
            <files jcr:primaryType="jnt:folder"/>
            <contents jcr:primaryType="jnt:contentFolder"/>
            <templates jcr:primaryType="jnt:templatesFolder">
                <files jcr:primaryType="jnt:folder">
                    <themes jcr:primaryType="jnt:folder">
                            <default jcr:primaryType="jnt:folder"/>
                    </themes>
                </files>
                <contents jcr:primaryType="jnt:contentFolder"/>
                    <base j:theme="/modules/jahiademo/templates/files/themes/default"
                  j:view="jahiademo"
                  jcr:mixinTypes="jmix:theme"
                  jcr:primaryType="jnt:template">
                    <home jcr:primaryType="jnt:pageTemplate"/>
                    <simple jcr:primaryType="jnt:pageTemplate"/>
                        <navmenu jcr:primaryType="jnt:contentList">
                            <navigation-menu jcr:primaryType="jdnt:navmenu"/>
                        </navmenu>
                        <logo jcr:primaryType="jnt:contentList">
                            <logo jcr:primaryType="jdnt:logo"/>
                        </logo>
                </base>
                    <content-template j:applyOn="jnt:content"
                              j:hiddenTemplate="true"
                              j:priority="1"
                              j:view="jahiademo"
                              jcr:primaryType="jnt:contentTemplate">
                    <pagecontent jcr:primaryType="jnt:contentList">
                            <main-resource-display j:mainResourceView="default" jcr:primaryType="jnt:mainResourceDisplay"/>
                    </pagecontent>
                </content-template>
            </templates>
                
                <home j:isHomePage="true"
               j:templateName="home"
               jcr:primaryType="jnt:page">
                    <j:translation_en jcr:language="en"
                              jcr:mixinTypes="mix:title"
                              jcr:primaryType="jnt:translation"
                              jcr:title="Home"/>
                </home>
        </jahiademo>
    </modules>
</content>
