<?xml version="1.0" encoding="UTF-8"?>
<content xmlns:j="http://www.jahia.org/jahia/1.0" xmlns:jcr="http://www.jcp.org/jcr/1.0">
    <modules jcr:primaryType="jnt:modules">
        <jahiademo j:dependencies="default font-awesome news person search"
                 j:installedModules="jahiademo"
                 j:modulePriority="0"
                 j:moduleType="templatesSet"
                 j:title="jahiademo"
                 jcr:mixinTypes="jmix:hasExternalProviderExtension"
                 jcr:primaryType="jnt:module">
                <sources jcr:mixinTypes="jmix:hasExternalProviderExtension jmix:sourceControl"
                  jcr:primaryType="jnt:moduleVersionFolder"
                  j:staticMountPointProviderKey="module-jahiademo-1.0-SNAPSHOT">
                    <src jcr:mixinTypes="jmix:sourceControl" jcr:primaryType="jnt:folder">
                        <main jcr:mixinTypes="jmix:sourceControl" jcr:primaryType="jnt:folder">
                            <resources jcr:mixinTypes="jmix:sourceControl" jcr:primaryType="jnt:folder">
                                <jdnt_investorContactForm jcr:primaryType="jnt:nodeTypeFolder">
                                    <html jcr:primaryType="jnt:templateTypeFolder">
                                        <investorContactForm.jsp jcr:primaryType="jnt:viewFile"/>
                                    </html>
                                </jdnt_investorContactForm>
                                <jnt_languageSwitcher jcr:mixinTypes="jmix:sourceControl"
                                           jcr:primaryType="jnt:nodeTypeFolder">
                                    <html jcr:mixinTypes="jmix:sourceControl"
                              jcr:primaryType="jnt:templateTypeFolder">
                                        <languageSwitcher.demo.jsp jcr:mixinTypes="jmix:sourceControl" jcr:primaryType="jnt:viewFile"/>
                                    </html>
                                </jnt_languageSwitcher>
                                <META-INF jcr:mixinTypes="jmix:sourceControl" jcr:primaryType="jnt:metaInfFolder">
                                    <definitions.cnd jcr:mixinTypes="jmix:sourceControl"
                                         jcr:primaryType="jnt:definitionFile"/>
                                </META-INF>
                            </resources>
                        </main>
                    </src>
                </sources>

            <portlets jcr:primaryType="jnt:portletFolder"/>
                <files jcr:primaryType="jnt:folder"/>
            <contents jcr:primaryType="jnt:contentFolder"/>
            <templates jcr:primaryType="jnt:templatesFolder">
                <files jcr:primaryType="jnt:folder">
                    <themes jcr:primaryType="jnt:folder">
                            <default jcr:primaryType="jnt:folder"/>
                    </themes>
                        <logo1-default.png j:height="39"
                                  j:width="103"
                                  jcr:mixinTypes="jmix:image"
                                  jcr:primaryType="jnt:file">
                            <jcr:content jcr:mimeType="image/png" jcr:primaryType="jnt:resource"/>
                            <thumbnail jcr:mimeType="image/png" jcr:primaryType="jnt:resource"/>
                            <thumbnail2 jcr:mimeType="image/png" jcr:primaryType="jnt:resource"/>
                        </logo1-default.png>
                </files>
                <contents jcr:primaryType="jnt:contentFolder"/>
                    <base j:theme="/modules/jahiademo/templates/files/themes/default"
                  j:view="jahiademo"
                  jcr:mixinTypes="jmix:theme"
                  jcr:primaryType="jnt:template">
                    <simple jcr:primaryType="jnt:pageTemplate"/>
                        <navmenu jcr:primaryType="jnt:contentList">
                            <navigation-menu jcr:primaryType="jdnt:navmenu"/>
                        </navmenu>
                        <logo jcr:primaryType="jnt:contentList">
                            <logo jcr:primaryType="jdnt:logo"
                        logo="/modules/jahiademo/templates/files/logo1-default.png"/>
                        </logo>
                        <_x0032_-column j:hiddenTemplate="false" jcr:primaryType="jnt:pageTemplate">
                            <j:translation_en jcr:language="en"
                                    jcr:mixinTypes="mix:title"
                                    jcr:primaryType="jnt:translation"
                                    jcr:title="2 Column"/>
                            <pagecontent jcr:primaryType="jnt:contentList">
                                <grid-layout bottomMargin="false"
                                  jcr:primaryType="jdnt:gridLayout"
                                  layout="3-4_1-4"/>
                            </pagecontent>
                        </_x0032_-column>
                        <_x0033_-column j:hiddenTemplate="false" jcr:primaryType="jnt:pageTemplate">
                            <j:translation_en jcr:language="en"
                                    jcr:mixinTypes="mix:title"
                                    jcr:primaryType="jnt:translation"
                                    jcr:title="3 Column"/>
                            <pagecontent jcr:primaryType="jnt:contentList">
                                <grid-layout bottomMargin="false"
                                  jcr:primaryType="jdnt:gridLayout"
                                  layout="1-3_1-3_1-3"/>
                            </pagecontent>
                        </_x0033_-column>
                        <home jcr:primaryType="jnt:pageTemplate">
                            <j:translation_en jcr:language="en"
                                    jcr:mixinTypes="mix:title"
                                    jcr:primaryType="jnt:translation"
                                    jcr:title="default"/>
                        </home>
                        <header jcr:primaryType="jnt:contentList">
                            <login jcr:primaryType="jdnt:login"/>
                            <language-switcher j:view="demo"
                                     jcr:mixinTypes="jmix:renderable"
                                     jcr:primaryType="jnt:languageSwitcher"
                                     typeOfDisplay="nameInLocale"/>
                        </header>
                        <languageLoginMini jcr:primaryType="jnt:contentList">
                            <language-switcher j:view="demoMini"
                                     jcr:mixinTypes="jmix:renderable"
                                     jcr:primaryType="jnt:languageSwitcher"
                                     typeOfDisplay="nameCurrentLocale"/>
                            <login j:view="mini"
                         jcr:mixinTypes="jmix:renderable"
                         jcr:primaryType="jdnt:login"/>
                        </languageLoginMini>
                        <languageLogin jcr:primaryType="jnt:contentList">
                            <togglesearchbutton jcr:primaryType="jdnt:toggleSearchButton"/>
                            <login jcr:primaryType="jdnt:login"/>
                            <language-switcher j:view="demo"
                                     jcr:mixinTypes="jmix:renderable"
                                     jcr:primaryType="jnt:languageSwitcher"
                                     typeOfDisplay="nameCurrentLocale"/>
                        </languageLogin>
                        <search jcr:primaryType="jnt:contentList">
                            <simple-search-form j:view="demo"
                                      jcr:mixinTypes="jmix:renderable"
                                      jcr:primaryType="jnt:simpleSearchForm"
                                      result="/modules/jahiademo/home/search-results"/>
                        </search>
                        <toggleNav jcr:primaryType="jnt:contentList">
                            <togglenavbarbutton jcr:primaryType="jdnt:toggleNavBarButton"/>
                        </toggleNav>
                        <modals jcr:primaryType="jnt:contentList">
                            <login j:view="modal"
                         jcr:mixinTypes="jmix:renderable"
                         jcr:primaryType="jdnt:login"/>
                        </modals>
                </base>
                    <content-template j:applyOn="jnt:content"
                              j:hiddenTemplate="true"
                              j:priority="1"
                              j:view="jahiademo"
                              jcr:primaryType="jnt:contentTemplate">
                    <pagecontent jcr:primaryType="jnt:contentList">
                            <main-resource-display j:mainResourceView="default" jcr:primaryType="jnt:mainResourceDisplay"/>
                    </pagecontent>
                </content-template>
            </templates>
                
                <home j:isHomePage="true"
               j:templateName="home"
               jcr:primaryType="jnt:page">
                    <j:translation_en jcr:language="en"
                              jcr:mixinTypes="mix:title"
                              jcr:primaryType="jnt:translation"
                              jcr:title="Home"/>
                    <search-results j:templateName="home" jcr:primaryType="jnt:page">
                        <j:translation_en jcr:language="en"
                                 jcr:mixinTypes="mix:title"
                                 jcr:primaryType="jnt:translation"
                                 jcr:title="Search Results"/>
                    <pagecontent jcr:primaryType="jnt:contentList">
                            <advanced-search-form jcr:primaryType="jnt:advancedSearchForm"/>
                        <search-results autoSuggest="true"
                               autoSuggestHitCount="2"
                               autoSuggestMaxTermCount="1"
                               autoSuggestMinimumHitCount="2"
                               jcr:primaryType="jnt:searchResults"/>
                    </pagecontent>
                    </search-results>
                </home>
        </jahiademo>
    </modules>
</content>
